,episodes M,Probability of alpha-rank estimated top strategy
0,200,0.1966666667
1,500,0.2633333333
2,1000,0.2766666667
3,2000,0.33
